{
	"pages": [ //pages数组中第一项表示应用启动页，参考：https://uniapp.dcloud.io/collocation/pages
		{
			"path": "pages/index/index",
			"style": {
				"navigationStyle": "custom"
			}
		}, {
			"path": "pages/search-city/search-city",
			"style": {
				"navigationBarTitleText": "搜索城市",
				"enablePullDownRefresh": false
			}

		}, {
			"path": "pages/future-weather/future-weather",
			"style": {
				"navigationBarTitleText": "未来7天",
				"enablePullDownRefresh": false
			}

		}, {
			"path": "pages/manage-city/manage-city",
			"style": {
				"navigationBarTitleText": "城市管理",
				"enablePullDownRefresh": false
			}

		}, {
			"path": "pages/new-city/new-city",
			"style": {
				"navigationBarTitleText": "添加城市",
				"enablePullDownRefresh": false
			}

		}
	],
	"globalStyle": {
		"navigationBarTextStyle": "black",
		"navigationBarTitleText": "uni-app",
		"navigationBarBackgroundColor": "#F8F8F8",
		"backgroundColor": "#F8F8F8"
	},
	"uniIdRouter": {}
}