{
  "id": "4242113",
  "name": "weather-app",
  "font_family": "iconfont",
  "css_prefix_text": "icon-",
  "description": "",
  "glyphs": [
    {
      "icon_id": "436018",
      "name": "运动",
      "font_class": "yundong",
      "unicode": "e807",
      "unicode_decimal": 59399
    },
    {
      "icon_id": "2121726",
      "name": "旅游",
      "font_class": "lvyou",
      "unicode": "e60c",
      "unicode_decimal": 58892
    },
    {
      "icon_id": "2797266",
      "name": "商场",
      "font_class": "shangchang",
      "unicode": "e633",
      "unicode_decimal": 58931
    },
    {
      "icon_id": "4464117",
      "name": "心情一般-圆",
      "font_class": "xinqingyiban-yuan",
      "unicode": "e7d0",
      "unicode_decimal": 59344
    },
    {
      "icon_id": "5194319",
      "name": "衣服",
      "font_class": "yifu",
      "unicode": "e696",
      "unicode_decimal": 59030
    },
    {
      "icon_id": "5194321",
      "name": "雨伞",
      "font_class": "yusan",
      "unicode": "e698",
      "unicode_decimal": 59032
    },
    {
      "icon_id": "5698673",
      "name": "舒适",
      "font_class": "shushi",
      "unicode": "e634",
      "unicode_decimal": 58932
    },
    {
      "icon_id": "7123777",
      "name": "空调",
      "font_class": "kongtiao",
      "unicode": "e617",
      "unicode_decimal": 58903
    },
    {
      "icon_id": "17583242",
      "name": "空气质量分析",
      "font_class": "kongqizhiliangfenxi",
      "unicode": "ec97",
      "unicode_decimal": 60567
    },
    {
      "icon_id": "23403654",
      "name": "钓鱼",
      "font_class": "diaoyu",
      "unicode": "e650",
      "unicode_decimal": 58960
    },
    {
      "icon_id": "23410694",
      "name": "防晒霜",
      "font_class": "fangshaishuang-01",
      "unicode": "e607",
      "unicode_decimal": 58887
    },
    {
      "icon_id": "37055118",
      "name": "紫外线消毒",
      "font_class": "ziwaixianxiaodu",
      "unicode": "e6cf",
      "unicode_decimal": 59087
    },
    {
      "icon_id": "4347520",
      "name": "icon_添加",
      "font_class": "icon_tianjia",
      "unicode": "eb89",
      "unicode_decimal": 60297
    },
    {
      "icon_id": "22530113",
      "name": "向下",
      "font_class": "xiangxia",
      "unicode": "e796",
      "unicode_decimal": 59286
    },
    {
      "icon_id": "7421",
      "name": "定向",
      "font_class": "dingxiang",
      "unicode": "e600",
      "unicode_decimal": 58880
    },
    {
      "icon_id": "930376",
      "name": "空气清新",
      "font_class": "kongqiqingxin",
      "unicode": "e697",
      "unicode_decimal": 59031
    },
    {
      "icon_id": "1172654",
      "name": "搜索",
      "font_class": "sousuo",
      "unicode": "e623",
      "unicode_decimal": 58915
    },
    {
      "icon_id": "5128953",
      "name": "天气-风向",
      "font_class": "tianqi-fengxiang",
      "unicode": "e679",
      "unicode_decimal": 59001
    },
    {
      "icon_id": "7335583",
      "name": "空气温度",
      "font_class": "kongqiwendu",
      "unicode": "eb3a",
      "unicode_decimal": 60218
    },
    {
      "icon_id": "14151202",
      "name": "空气质量监测",
      "font_class": "kongqizhiliangjiance",
      "unicode": "e632",
      "unicode_decimal": 58930
    },
    {
      "icon_id": "35343620",
      "name": "水滴备份",
      "font_class": "shuidibeifen",
      "unicode": "e612",
      "unicode_decimal": 58898
    },
    {
      "icon_id": "37192366",
      "name": "多云",
      "font_class": "duoyun",
      "unicode": "e628",
      "unicode_decimal": 58920
    },
    {
      "icon_id": "37192368",
      "name": "晴",
      "font_class": "qing",
      "unicode": "e629",
      "unicode_decimal": 58921
    },
    {
      "icon_id": "37192370",
      "name": "小雨",
      "font_class": "xiaoyu",
      "unicode": "e62a",
      "unicode_decimal": 58922
    },
    {
      "icon_id": "37192371",
      "name": "大雨",
      "font_class": "dayu",
      "unicode": "e62b",
      "unicode_decimal": 58923
    },
    {
      "icon_id": "37192374",
      "name": "晴转多云",
      "font_class": "qingzhuanduoyun",
      "unicode": "e62c",
      "unicode_decimal": 58924
    },
    {
      "icon_id": "37192381",
      "name": "暴雨",
      "font_class": "baoyu",
      "unicode": "e62d",
      "unicode_decimal": 58925
    },
    {
      "icon_id": "37192382",
      "name": "中雨",
      "font_class": "zhongyu",
      "unicode": "e62e",
      "unicode_decimal": 58926
    },
    {
      "icon_id": "37192383",
      "name": "阴",
      "font_class": "yin",
      "unicode": "e62f",
      "unicode_decimal": 58927
    },
    {
      "icon_id": "37192385",
      "name": "有云",
      "font_class": "youyun",
      "unicode": "e630",
      "unicode_decimal": 58928
    },
    {
      "icon_id": "37192387",
      "name": "雷阵雨",
      "font_class": "leizhenyu",
      "unicode": "e631",
      "unicode_decimal": 58929
    }
  ]
}
